Sygnatura czasowa,Adres e-mail,1. Nazwa instytucji/organizacji:,2. Adres siedziby Państwa instytucji/organizacji:,3. Adres strony internetowej Państwa instytucji/organizacji: ,"4. Telefony, adresy e-mail do kontaktów z mieszkańcami:","5. Dni tygodnia i godziny, w których mieszkańcy mogą się kontaktować z Państwa instytucją/organizacją:","6. Inne, istotne informacje o dostępności Państwa instytucji/organizacji dla mieszkańców:",7. Główne cele działania Państwa instytucji/organizacji:,8. Główny obszar terytorialny działania Państwa instytucji/organizacji:,"9. Jeżeli Państwa instytucja/organizacja działa tylko w wybranych dzielnicach Miasta Krakowa, to w których?:",10. Forma prawna Państwa instytucji/organizacji:,"11. W jaki sposób w Państwa działalności definiowane jest ubóstwo ekonomiczne, czyli stały brak dochodów wystarczających na zaspokojenie podstawowych potrzeb osób i/lub ich rodzin?","12.  Jeżeli stosujecie Państwo kryterium dochodowe, to jaka kwota miesięcznych dochodów netto stanowi kryterium uzyskania pomocy?",13. Jaką mniej więcej część odbiorców Państwa działań stanowią osoby/rodziny w ubóstwie ekonomicznym?,14. Jakie są dominujące przyczyny niewystarczających dochodów odbiorców Państwa działań?,15. Na co najczęściej brakuje pieniędzy osobom żyjącym w ubóstwie ekonomicznym będącym odbiorcami Państwa działań?,16. Z jakiego rodzaju wsparcia Państwa instytucji/organizacji mogą skorzystać osoby/rodziny żyjące w ubóstwie ekonomicznym?,17. Jakiej części mieszkańców Krakowa dotyka ubóstwo?,"18. Czy są jakieś dzielnice w Krakowie, w których skala ubóstwa jest wyraźnie większa niż w innych dzielnicach?",19. W których dzielnicach i dlaczego poziom ubóstwa jest wyższy niż w innych?,20. Czy poziom ubóstwa wśród mieszkańców Krakowa jest wyraźnie większy w jakiś grupach społecznych?,"21. Czy znają Państwo osoby, które są w trudnej sytuacji ekonomicznej i nie korzystają z żadnej pomocy? ","22. Jeżeli znają Państwo takie osoby, to jaka jest najczęstsza przyczyna niekorzystania przez nie z pomocy?",23. Co pomogłoby osobom/rodzinom żyjącym w ubóstwie poprawić swoją sytuację ekonomiczną i/lub złagodzić jej negatywne skutki?,24. Od kogo przede wszystkim zależy poprawa sytuacji ekonomicznej osób/rodzin żyjących w ubóstwie?,"25. Czy znacie Państwo instytucje i/lub organizacje, które koncentrują się w Krakowie na pomocy ludziom żyjącym w ubóstwie ekonomicznym?"
2022-06-24 13:27:43,wtz@stowarzyszenierozwoju.eu,Stowarzyszenie na Rzecz Rozwoju Psychiatrii i Opieki Środowiskowej,"pl. Sikorskiego 2/8, 31-115 Kraków",www.stowarzyszenie-rozwoju.eu,"biuro@stowarzyszenie-rozwoju.eu, 12 421-17-30","od poniedziałku do piątku, od 9.00 - 16.00",,działalność na rzecz osób niepełnosprawnych,Całe Miasto Kraków,całe miasto Kraków,Organizacja pozarządowa,Nie stosujemy żadnych kryteriów,jak wyżej,Co najmniej połowę,"Choroba, Niepełnosprawność",Żywność,"Praca socjalna, Doradztwo psychologiczne, Doradztwo zawodowe, Zatrudnienie, Pomoc w załatwianiu spraw urzędowych, Opieka zdrowotna","Więcej niż 20%, ale mniej niż połowy",Trudno powiedzieć,jak wyżej,"Wśród osób po 60 roku życia, Wśród osób z niepełnosprawnością, Wśród osób bezdomnych",Tak,Wstydzą się korzystać z pomocy,aktywizacja zawodowa i świadomość z tym związana ,"od wszytskich, pomoc systemowa",fundacja Brata Alberta
2022-06-24 13:36:39,wtztpdtruskawkowa4@gmail.com,WARSZTAT TERAPII ZAJĘCIOWEJ TOWARZYSTWA PRZYJACIÓŁ DZIECI ,UL. TRUSKAWKOWA4 31-985 KRAKÓW,TPD.PL,12 681-04-77,OD PONIEDZIAŁKU DO PIATKU W GODZ. 7.30-15.30,,działalność na rzecz osób niepełnosprawnych,Dzielnica/dzielnice miasta Krakowa,NOWA HUTA,Organizacja pozarządowa,Poprzez subiektywne odczucie odbiorców naszych działań,NIE DOTYCZY,"Więcej niż 20%, ale mniej niż połowę","Choroba, Niezaradność życiowa",Żywność,"Pomoc żywnościowa, Doradztwo psychologiczne, Pomoc w załatwianiu spraw urzędowych","Więcej niż 20%, ale mniej niż połowy",Trudno powiedzieć,NIE DOTYCZY,"Wśród osób z niepełnosprawnością, Wśród rodzin wielodzietnych, Wśród osób bezdomnych",Trudno powiedzieć,Trudno powiedzieć,WIĘKSZY DOCHÓD NA UTRZYMANIE,Samorządów terytorialnych,"BANK ŻYWNOŚCI, ZUPA NA PLANTACH"
2022-06-24 13:48:42,centrum@parkowa12.krakow.pl,"Centrum Placówek Opiekuńczo-Wychowawczych ""Parkowa"" ","30-538 Kraków, ul. Parkowa 12",www.parkowa12.krakow.pl,12/6560994,poniedziałek - piątek w godzinach 8.00 - 14.00,,wspieranie rodziny i systemu pieczy zastępczej,Całe Miasto Kraków,Kraków,Jednostka organizacyjna Miasta Krakowa,Nie stosujemy żadnych kryteriów,nie stosujemy ,"Więcej niż 20%, ale mniej niż połowę","Niezaradność życiowa, Trudno powiedzieć",Trudno powiedzieć,całodobowa opieka specjalistyczna nad dzieckiem ,Mniej niż 10%,Trudno powiedzieć,trudno powiedzieć ,"Wśród osób z wykształceniem podstawowym, Wśród osób bezdomnych",Tak,Nie spełniają innych kryteriów uzyskania pomocy,trudno powiedzieć,Samych osób dotkniętych ubóstwem,tak
2022-06-24 13:53:43,podstrzecha.chlebzycia@gmail.com,Wspólnota Chleb Życia,"Ul. Pod Strzechą 31a, 31-352 Kraków",https://chlebzycia.org/,"podstrzecha.chlebzycia@gmail.com, 502605545, 513790760","od poniedziałku do soboty, od 9 do 17",prowadzimy rozmowę wstępną z kandydatem na mieszkańca przed faktycznym przyjęciem,pomoc społeczna,"województwa małopolskie, świętokrzyskie, podkarpackie i mazowieckie",nie dotyczy,Organizacja pozarządowa,Poprzez subiektywne odczucie odbiorców naszych działań,nie dotyczy,Trudno powiedzieć,"wszystkie powyższe czynniki mogą wystąpić, nie można wybrać dwóch najczęstszych ","żywność, utrzymanie mieszkania, odzież, używki czy leki","Pomoc żywnościowa, Schronienie, Opieka zdrowotna, Usługi opiekuńcze, Wsparcie duchowe","Więcej niż 20%, ale mniej niż połowy",Trudno powiedzieć,nie dotyczy,"Nie, poziom ubóstwa wydaje się podobny w każdej grupie społecznej",Tak,"brak wiedzy, wstyd, bywa, że nie są w stanie korzystać z powodów zdrowotnych","trudno powiedzieć, inne potrzeby mają bezdomni, inne emeryci. ",od współpracy pomiędzy poszczególnymi instytucjami i zauważanie różnych potrzeb różnych grup pogrążonych w ubóstwie.,
2022-06-25 12:57:57,rafal.grabowski@u-work.pl,"Fundacja Współpracy Polsko-Ukraińskiej ""U-WORK""",Batorgo 2/28,u-work.pl,501868805,obecnie 7 dni w tygodniu od 9-19,,"udzielanie nieodpłatnej pomocy prawnej oraz zwiększania świadomości prawnej społeczeństwa;, działalność charytatywna, działalność na rzecz mniejszości narodowych i etnicznych oraz języka regionalnego",Całe Miasto Kraków,nie,Organizacja pozarządowa,"termin przyjazdu do Polski, status zawodowy, liczba osób na utrzymaniu, region pochodzenia",nie dotyczy,Co najmniej połowę,"Macierzyństwo,  nieusamodzielnienie się w Polsce","żywność, środki higieniczne i odzież bo przyjechali do Polski w zimowej odzieży","Pomoc rzeczowa, Pomoc żywnościowa, Schronienie, Doradztwo prawne, Doradztwo zawodowe, Pośrednictwo pracy, Pomoc w załatwianiu spraw urzędowych, Usługi opiekuńcze, Wsparcie duchowe, warsztaty integracyjne, kursy językowe, zakładanie firm, doatcje na założenie firmy",uchodźców,Trudno powiedzieć,nie dotyczy,Wśród uchodźców,Tak,Wstydzą się korzystać z pomocy,"kursy języka polskiego, pośrednictwo pracy, opieka nad dziećmi, asyst w sprawach urzędowych",Samorządów terytorialnych,tak
2022-06-27 09:40:31,sds@stowarzyszenietecza.org,Stowarzyszenie Rodziców i Przyjaciół Dzieci z Zespołem Downa Tęcza w Krakowie- Środowiskowy Dom Samopomocy ,os. Wandy 23  31-907 Kraków,www.stowarzyszenietecza.org,sds@stowarzyszenietecza.org  tel. 887 131 288,poniedziałek- piątek 8.00-16.00,,"działalność na rzecz osób niepełnosprawnych, działalność na rzecz organizacji pozarządowych oraz innych podmiotów prowadzących działalność pożytku publicznego",Całe Miasto Kraków,nie dotyczy,Organizacja pozarządowa,Nie stosujemy żadnych kryteriów,nie dotyczy,Mniej niż 10%,"Choroba, Niepełnosprawność",Kultura i rekreacja,"Pomoc rzeczowa, Pomoc żywnościowa",Mniej niż 10%,Trudno powiedzieć,nie dotyczy,"Wśród osób po 60 roku życia, Wśród osób z niepełnosprawnością, Wśród osób bezdomnych",Nie,Trudno powiedzieć,Dostępność do darmowych posiłków,Samych osób dotkniętych ubóstwem,Dzieło pomocy Ojca Pio
2022-06-27 12:04:18,owsikorskiego14@gmail.com,Ośrodek Wsparcia - Klub Samopomocy dla Osób Starszych,31-115 Kraków; Pl. Gen. Sikorskiego 14/2,https://sercanki.org.pl/home/dziela-zgromadzenia,12 421 52 17; owsikorskiego14@gmail.com,pn. - pt. godz. 10.00 - 16.00,nie ma,"pomoc społeczna, ochrona i promocja zdrowia, działalność na rzecz osób w wieku emerytalnym",Dzielnica/dzielnice miasta Krakowa,Śródmieście,"Kościół, organizacja kościelna",Nie stosujemy żadnych kryteriów,nie dotyczy,Od 10% do 20%,"Niepełnosprawność, Niezaradność życiowa","Nie zawsze wystarcza na leki,  oszczędzają na żywności ","Pomoc rzeczowa, Pomoc żywnościowa, Doradztwo psychologiczne, Usługi opiekuńcze, Wsparcie duchowe,  spędzanie wolnego czasu w przyjaznej atmosferze",Trudno powiedzieć,Trudno powiedzieć,nie dotyczy,"Wśród osób bezdomnych, Wśród uchodźców",Nie,Trudno powiedzieć,Pomoc w znalezieniu odpowiedniej pracy.,Samorządów terytorialnych,"Instytucje kościelne: Caritas, Kuchnia Brata Alberta itp."
2022-06-27 14:09:20,Marcin.Ogorek@dpshelclow.pl,Dom Pomocy Społecznej im. L. i A. Helclów w Krakowie,"ul. Helclów 2, 31-141 Kraków",www.dpshelclow.pl,"sekretariat@dpshelclow.pl, 12 634 42 55 wew. 222 ","poniedziałek-piątek, 7.30-15.30",,pomoc społeczna,"DPS przyjmuje wyłącznie osoby skierowane decyzją Prezydenta Miasta Krakowa, głównie są to osoby z Gminy Miejskiej Kraków,  ale kierowane mogą być również osoby spoza Gminy",nie dotyczy,Jednostka organizacyjna Miasta Krakowa,Nie stosujemy żadnych kryteriów,Nie dotyczy,Wysokość dochodu nie ma wpływu na możliwość uzyskania miejsca w DPS ani na zakres świadczonych usług,"Choroba, Niepełnosprawność",Zdrowie,"Pomoc rzeczowa, Pomoc żywnościowa, Schronienie, Praca socjalna, Doradztwo psychologiczne, Pomoc w załatwianiu spraw urzędowych, Usługi opiekuńcze, Wsparcie duchowe, Dom Pomocy Społecznej im. Ludwika i Anny Helclów w Krakowie zapewnia mieszkańcom usługi bytowe, opiekuńcze i wspomagające, w tym pomoc w uzyskaniu dostępu do usług zdrowotnych (DPS nie realizuje samodzielnie świadczeń zdrowotnych poza opieką pielęgniarską). Zakres i poziom tych usług uwzględnia w szczególności podmiotowość mieszkańców oraz poczucie bezpieczeństwa oraz stopień ich fizycznej i psychicznej sprawności.",Mniej niż 10%,Trudno powiedzieć,nie dotyczy,"Wśród osób po 60 roku życia, Wśród osób z niepełnosprawnością, Wśród osób bezdomnych",Tak,Nie spełniają kryteriów dochodowych uzyskania pomocy,"Zapewnienie preferencyjnych warunków w zakresie dostępu do mieszkania (preferencyjne kredyty, warunki najmu lub mieszkania komunalne)",Samych osób dotkniętych ubóstwem,Miejski Ośrodek Pomocy Społecznej w Krakowie
2022-06-27 16:16:55,maydaysto@gmail.com,Stowarzyszyszenie MAYDAY,"Ul. Nowosądecka 41, 30 - 683 Kraków",brak,"694 876 909. 608  793 791, maydaysto@gmail.com",poniedziałki i czwartki 16:30 - 18:30,,"pomoc społeczna, działalność charytatywna, działalność na rzecz osób niepełnosprawnych",Całe Miasto Kraków,Kraków Podgórze ,Organizacja pozarządowa,Poprzez kryterium dochodowe,"776 zł dla osoby samotnie gospodarującej, 600 zł dla osoby w rodzinie.",Co najmniej połowę,"Niepełnosprawność, Niezaradność życiowa","Użytkowanie mieszkania (czynsz, media, podatki)","Pomoc żywnościowa, Doradztwo prawne, Wsparcie duchowe",Co najmniej połowy,Trudno powiedzieć,nie dotyczy,"Nie, poziom ubóstwa wydaje się podobny w każdej grupie społecznej",Tak,"Nie wiedzą, gdzie można uzyskać pomoc",Trudno powiedzieć,Organizacji pozarządowych,
2022-06-27 16:25:26,pomoc@popierwszeczlowiek.pl,FUNDACJA PO PIERWSZE CZŁOWIEK,"WORONICZA 3B, 31-409 KRAKÓW",http://popierwszeczlowiek.pl/,"516 147 121, POMOC@POPIERWSZECZŁOWIEK.PL ",Osobiście: Jadłodajnia jest czynna od poniedziałku do soboty w godzinach 11.30-14.00. W szczególnych przypadkach spotkanie możliwe w innym terminie po wcześniejszym umówieniu. Telefonicznie od poniedziałku do piątku w godz. 9.30-16.00,"Fundacja zapewnia dostępność architektoniczną, cyfrową i informacyjno–komunikacyjną osobom ze szczególnymi potrzebami na poziomie minimalnych wymagań, określonych w art. 6–7 ustawy z dnia 19 lipca 2019 r. ","działalność na rzecz integracji i reintegracji zawodowej i społecznej osób zagrożonych wykluczeniem społecznym, działalność charytatywna, przeciwdziałanie uzależnieniom i patologiom społecznym","Fundacja prowdzi swoją działalność w jednym miejscu, jednak beneficjenci przyjeżdżają z całego miasta Krakowa a także spoza niego.",nie dotyczy,Organizacja pozarządowa,Odbiorcy naszych działań albo są kierowani przez MOPS (kryterium dochodowe) albo  sytuacja danej osoby jest przez poznawana indywidualnie. ,nie dotyczy,Co najmniej połowę,"Niezaradność życiowa, Uzależnienie (alkohol, narkotyki)","Największy procent odbiorców naszych działań to osoby w kryzysie bezdomności, które mają problem z zaspokojeniem podstawowych potrzeb życiowych: mieszkanie, żywność, zdrowie.","Pomoc rzeczowa, Pomoc żywnościowa, Praca socjalna, Opieka zdrowotna, Wsparcie duchowe, Dyżury lekarskie 2x w tygodniu",Trudno powiedzieć,Trudno powiedzieć,nie znamy odpowiedzi,"Wśród osób bezdomnych, Trudno powiedzieć",Nie,Nie znamy takich osób.,"Każda sytuacja jest inna, wymaga indywidualnego podejścia i podjęcia odpowiednich działań.",od współpracy instytucji pomocowych wraz z konkretną osobą.,
2022-06-27 16:38:30,kuchnia_spoleczna@onet.pl,Kuchnia Społeczna im.s.Samueli Zgromadzenia SS. Felicjanek,ul. Smoleńsk 4,brak,12 433 51 23  e-mail j/w,pon-piątek godz. 9.00-17.00  sobota godz. 9.00 -16.00,Kuchnia jest ogólnodostępna odpłatna i dla bezdomnych na bloczki oraz skierowania. Gotowanie zup dla Bezdpomnych na Ogrzewalnię w okresie od X-IV ,"pomoc społeczna, działalność charytatywna, działalność na rzecz osób w wieku emerytalnym",Całe Miasto Kraków,nie dotyczy,"Kościół, organizacja kościelna",Poprzez subiektywne odczucie odbiorców naszych działań,nie dotyczy,"Nasi odbiorcy to przede wszystkim osoby i rodziny w ubóstwie ekonomicznym: bezdomni, bezrobotni, z niską emeryturą","Niezaradność życiowa, Uzależnienie (alkohol, narkotyki)","Użytkowanie mieszkania (czynsz, media, podatki)","Pomoc żywnościowa, Wsparcie duchowe",Trudno powiedzieć,Trudno powiedzieć,nie dotyczy,"Wśród osób po 60 roku życia, Wśród osób z niepełnosprawnością, Wśród osób bezdomnych",Trudno powiedzieć,Trudno powiedzieć,pomoc sąsiedzka,Rodziny,"Dzieło Pomocy św.Ojca Pio, Caritas Archidiecezji Krakowskiej"
2022-06-27 18:11:35,a.jarosz@parasol.org.pl,Centrum Profilaktyki i Edukacji Społecznej PARASOL,"ul. Rakowicka 10a, 31-511 Kraków",https://www.rakowicka10.pl/,info@parasol.org.pl,poniedziałek-piątek 11:00-19:00,,"pomoc społeczna, wspieranie rodziny i systemu pieczy zastępczej, działalność na rzecz dzieci i młodzieży, w tym wypoczynek dzieci i młodzieży",Całe Miasto Kraków,"streetoworkerzy pracują w dzielnicach I, II, XIII",Organizacja pozarządowa,Zarówno subiektywne odczucie odbiorców jak i przez diagnozę sytuacji socjalnej przeprowadzaną przez pracowników.,Nie stosujemy,Co najmniej połowę,"Niezaradność życiowa, Uzależnienie (alkohol, narkotyki)",Nie wystarcza im na nic,"Pomoc żywnościowa, Praca socjalna, Doradztwo psychologiczne, Pomoc w załatwianiu spraw urzędowych","Więcej niż 20%, ale mniej niż połowy",Tak,"Prokocim, Nowa Huta","Wśród osób po 60 roku życia, Wśród osób z niepełnosprawnością, Wśród osób z wykształceniem podstawowym, Wśród kobiet, Wśród rodzin wielodzietnych, Wśród osób bezdomnych",Tak,Nie chcą ze względu na wcześniejsze złe doświadczenia w kontakcie z instytucjami pomocowymi.,Możliwość stałego zatrudnienia.,"Zarówno od instytucji administracji rządowej i samorządów terytorialnych, ale też od samych osób dotkniętych ubóstwem.","MOPS, Caritas, Towarzystwo Pomocy im. św. Brata Alberta, Zupa na Plantach, Bank Żywności, Dzieło Pomocy Św. Ojca Pio "
2022-06-28 14:20:59,lukasz.filek@mops.krakow.pl,Miejski Ośrodek Pomocy Społecznej w Krakowie,31-946 Kraków os. Teatralne 24,www.mops.krakow.pl,780-579-594,pn. do pt. 07.30-15.30,,"pomoc społeczna, wspieranie rodziny i systemu pieczy zastępczej, przeciwdziałanie uzależnieniom i patologiom społecznym",Całe Miasto Kraków,nie dotyczy,Jednostka organizacyjna Miasta Krakowa,Poprzez kryterium dochodowe,zgodna z ustawą o pomocy społecznej,około 90%,zbyt małe zarobki,Trudno powiedzieć,"Pomoc finansowa, Pomoc rzeczowa, Pomoc żywnościowa, Schronienie, Praca socjalna, Doradztwo prawne, Doradztwo psychologiczne, Doradztwo zawodowe, Pośrednictwo pracy, Pomoc w załatwianiu spraw urzędowych, Usługi opiekuńcze",nie wiem,Tak,Stare Podgórze,Trudno powiedzieć,Tak,Nie chcą mi powiedzieć bo nie chcą ze mną rozmawiać o swoich problemach.,Większe przychody do budżetu domowego.,Samych osób dotkniętych ubóstwem,Tak znam.
2022-06-28 14:36:21,magdalena.lukasik@wiosna.org.pl,Stowarzyszenie WIOSNA,ul. Berka Joselewicza 21. 31-031 Kraków,https://wiosna.org.pl/,"12 333 71 08, biuro@wiosna.org.pl",Od poniedziałku do piątku w godz. 10-16,,"pomoc społeczna, działalność charytatywna, nauka, szkolnictwo wyższe, edukacja, oświata i wychowanie",Polska,nie dotyczy,Organizacja pozarządowa,"Szlachetna Paczka nie ma kryterium dochodowego, ",nie dotyczy,Co najmniej połowę,"Choroba, Osiągnięcie wieku emerytalnego",Żywność,"Pomoc rzeczowa, Pomoc żywnościowa, Doradztwo prawne, Pomoc w załatwianiu spraw urzędowych, Wsparcie duchowe",Mniej niż 10%,Trudno powiedzieć,nie mam wiedzy,"Wśród osób z niepełnosprawnością, Wśród osób bezdomnych, gospodarstwa domowe utrzymujące się z niezarobkowych źródeł innych niż emerytura i renta, renciści",Tak,Wstydzą się korzystać z pomocy,"Przede wszystkim odpowiednia polityka społeczna odpowiadająca na realne nierówności społeczne. Dostępność pomocy i jej dostosowanie do potrzeb. holistyczne podejście: uwzględnienie rynku pracy, dostępności opieki instytucjonalnej etc.",Administracji rządowej,
2022-06-28 16:57:06,wspolnaradosc@op.pl,"STOWARZYSZENIE PRZYJACIÓŁ OSÓB NIEPEŁNOSPRAWNYCH ""WSPÓLNA RADOŚĆ""","UL.  ŁANOWA 41, KRAKOW 30-725",www.wspolnaradosc.pl,"12 650-56-00 , wspolnaradosc@op.pl",Pon.- Wt. godz. 7.00-15.00,brak,"pomoc społeczna, działalność na rzecz osób niepełnosprawnych",Całe Miasto Kraków,-,Organizacja pozarządowa,Nie stosujemy żadnych kryteriów,-,Trudno powiedzieć,Niepełnosprawność,Zdrowie,"Pomoc finansowa, Pomoc rzeczowa",Trudno powiedzieć,Trudno powiedzieć,nie dotyczy,"Wśród osób z niepełnosprawnością, Wśród osób bezdomnych",Tak,"Nie wiedzą, gdzie można uzyskać pomoc","wsparcie najbliższego środowiska, wsparcie sąsiedzkie",Samych osób dotkniętych ubóstwem,NOCLEGOWNIE I SCHRONISKA DLA BEZDOMNYCH
2022-06-29 08:54:23,sekretariat@sdsvita.pl,"Środowiskowy Dom Samopomocy ""Vita""","os. Młodości 8, 31-908 Kraków",www.sdsvita.pl,"sekretariat@sdsvita.pl,  tel. 126869120",Od poniedziałku do piątku od 7.30 do 15.30,,"pomoc społeczna, działalność na rzecz osób niepełnosprawnych",Całe Miasto Kraków,nie dotyczy,Jednostka organizacyjna Miasta Krakowa,Nie stosujemy żadnych kryteriów,nie dotyczy,Trudno powiedzieć,"Niepełnosprawność, Niezaradność życiowa",Zdrowie,"Praca socjalna, Doradztwo psychologiczne, Pomoc w załatwianiu spraw urzędowych, aktywizacja społeczno-zawodowa w ramach prowadzonej terapii",Trudno powiedzieć,Trudno powiedzieć,nie dotyczy,Trudno powiedzieć,Nie,nie dotyczy,Edukacja w zakresie instytucji pomocowych.,Administracji rządowej,MOPS
2022-06-29 08:59:37,paulina.krol@mops.krakow.pl,Miejski Ośrodek Pomocy Społecznej ,31-315 ul. Radzikowskiego 39,www.mops.krakow.pl,126367798,od poniedziałku do piątku od 08.00 do 15.00,,"pomoc społeczna, wspieranie rodziny i systemu pieczy zastępczej, działalność na rzecz integracji i reintegracji zawodowej i społecznej osób zagrożonych wykluczeniem społecznym",Całe Miasto Kraków,całe miasto,Jednostka organizacyjna Miasta Krakowa,Poprzez kryterium dochodowe,600/776,Co najmniej połowę,"Macierzyństwo, Niepełnosprawność",Żywność,"Pomoc finansowa, Pomoc rzeczowa, Pomoc żywnościowa, Schronienie, Praca socjalna, Doradztwo prawne, Doradztwo zawodowe, Pomoc w załatwianiu spraw urzędowych, Usługi opiekuńcze",Co najmniej połowy,Trudno powiedzieć,brak informacji,osoby bezrobotne,Nie,Trudno powiedzieć,zatrudnienie,Samych osób dotkniętych ubóstwem,instytucje pozarządowe
2022-06-29 13:01:19,jawoz@op.pl,I Zbór Kościoła Chrześcijan Baptystów w Krakowie,"ul. Wyspiańskiego 4, 30-035 Kraków",www.baptysci-krakow.pl,"tel. 500-450-731, e-mail:  baptysci.krakow@gmail.com ",pn. - pt. godz. 10 - 16,,"działalność charytatywna, działalność na rzecz osób w wieku emerytalnym, działalność na rzecz dzieci i młodzieży, w tym wypoczynek dzieci i młodzieży",Całe Miasto Kraków,nie dotyczy,"Kościół, organizacja kościelna",Poprzez subiektywne odczucie odbiorców naszych działań,nie dotyczy,Trudno powiedzieć,"Osiągnięcie wieku emerytalnego, Niezaradność życiowa",Żywność,"Pomoc finansowa, Pomoc rzeczowa, Pomoc żywnościowa, Wsparcie duchowe",Trudno powiedzieć,Trudno powiedzieć,nie dotyczy,"Nie, poziom ubóstwa wydaje się podobny w każdej grupie społecznej",Tak,Wstydzą się korzystać z pomocy,Wszystko zależy od sytuacji w jakiej znajduje się dana osoba/rodzina. ,Samorządów terytorialnych,
2022-06-29 14:15:49,tpdradosc@gmail.com,"TOWARZYSTWO PRZYJACIÓŁ DZIECI, PLACÓWKA WSPARCIA DZIENNEGO ŚWIETLICA ""RADOŚĆ""","30-529 KRAKÓW, UL. JÓZEFIŃSKA 3",http://tpd.pl,"12 423 57 54, 508 390372 , tpdradosc@gmail.com",PONIEDZIAŁEK - PIĄTEK - 9.00- 14.00,,"działalność na rzecz dzieci i młodzieży, w tym wypoczynek dzieci i młodzieży, działalność na rzecz rodziny, macierzyństwa, rodzicielstwa, upowszechniania i ochrony praw dziecka, działalność na rzecz organizacji pozarządowych oraz innych podmiotów prowadzących działalność pożytku publicznego",Dzielnica/dzielnice miasta Krakowa,DZIELNICA XIII,Organizacja pozarządowa,Poprzez subiektywne odczucie odbiorców naszych działań,NIE DOTYCZY,"Więcej niż 20%, ale mniej niż połowę","Opieka nad członkami rodziny, Niezaradność życiowa",Żywność,"Pomoc rzeczowa, Pomoc żywnościowa, Doradztwo psychologiczne, Usługi opiekuńcze",Co najmniej połowy,Nie,NIE DOTYCZY,"Wśród osób z niepełnosprawnością, Wśród osób z wykształceniem podstawowym, Wśród rodzin wielodzietnych, Wśród osób bezdomnych",Trudno powiedzieć,NIE DOTYCZY,"STAŁA PRACA, ASYSTENT RODZINY",Administracji rządowej,"TOWARZYSTWO PRZYJACIÓŁ DZIECI, CARITAS, BANK ŻYWNOŚCI"
2022-06-29 15:57:45,sekretariat@oik.krakow.pl,Ośrodek Interwencji Kryzysowej w Krakowie,"Radziwiłłowska 8b, 31-026 Kraków",www.oik.krakow.pl ,"12 421 92 82 (całodobowy), 012 421 82 42 (sekretariat)",Pomoc psychologiczna we wszystkie dni tygodnia (całodobowo). Sekretariat - dni robocze 7.30-15.30,,"pomoc społeczna, pomoc ofiarom katastrof, klęsk żywiołowych, konfliktów zbrojnych i wojen w kraju i za granicą, udzielanie pomocy psychologicznej osobom przeżywającym kryzysy","w ramach porozumienia GMK z Powiatem krakowskim, w OIK udzielana jest pomoc mieszkańcom powiatu krakowskiego",nie dotyczy,Jednostka organizacyjna Miasta Krakowa,"Z uwagi na zasadniczy zakres działań OIK definiowanie ubóstwa odbywa się poprzez subiektywne uczucia odbiorców działań, jednak z uwagi na to, że funkcjonujemy w obszarze pomocy społecznej w sytuacji kierowania osób do korzystania z pomocy finansowej w MOPS, uwzględniamy kryterium dochodowe z ustawy o pomocy społecznej.",nie dotyczy,Ośrodek nie zbiera danych dotyczących sytuacji ekonomicznej osób zgłaszających się po pomoc.,Trudno powiedzieć,"Nie zbieramy danych szczegółowych. Obszarem, który często jest wymieniany przez klientów OIK, gdzie występują niezaspokojone potrzeby z uwagi na niskie dochody jest zdrowie, w szczególności finansowanie psychoterapii. Pojawiają się również sprawy związane z kosztami codziennego życia.","Schronienie, Praca socjalna, Doradztwo prawne, Doradztwo psychologiczne",Mniej niż 10%,Trudno powiedzieć,nie dotyczy,"Wśród osób z niepełnosprawnością, Wśród osób bezdomnych",Tak,Wstydzą się korzystać z pomocy,"W naszej opinii nie ma jednej odpowiedzi na powyższe pytanie, gdyż przyczyny jakie tkwią u podstaw ubóstwa są różne. Dostępność pomocy socjalnej jest jedną z możliwości pomagających łagodzić negatywne skutki i dążyć do poprawy sytuacji. Czynnikiem pozwalającym osobom/rodzinom żyjącym w ubóstwie poprawić swą sytuację ekonomiczną albo łagodzić jej negatywne skutki mógłby być również bezwarunkowy dochód podstawowy.","To zależy w jakiej perspektywie rozpatrywane jest ta kwestia. Jeśli w skali mikro - od indywidualnych osób/rodzin, jeśli w skali makro - od działań podejmowanych przez administrację rządową i samorządową.","Tak. MOPS, organizacje pozarządowe działające w obszarze pomocy społecznej, w tym podmioty realizujące zadania zlecone przez GMK, np. Bank Zywności, Caritas, Dzieło Pomocy Ojca Pio itp."
2022-06-29 20:52:39,biuro@sislegeartis.pl,Stowarzyszenie Inicjatyw Społecznych LEGE ARTIS,"os. Bohaterów Września 1E/6, 31-620 Kraków",www.sislegeartis.pl,607840218,pon.-pt.14.00-16.00,,"pomoc społeczna, podtrzymywanie i upowszechnianie tradycji narodowej, działalność na rzecz dzieci i młodzieży, w tym wypoczynek dzieci i młodzieży",Małopolska,Nie dotyczy.,Organizacja pozarządowa,Trudno powiedzieć,Nie dotyczy.,Trudno powiedzieć,"Choroba, Niepełnosprawność",Żywność,"Pomoc rzeczowa, Pomoc żywnościowa",Trudno powiedzieć,Trudno powiedzieć,Nie dotyczy.,Trudno powiedzieć,Tak,Wstydzą się korzystać z pomocy,"- wyższy świadczenia emerytalne/rentowe,
- lepsze warunki płacy,
- lepsze zdrowie,",Trudno powiedzieć,"Bank Żywności w Krakowie, Dzieło Pomocy św. Ojca Pio"
2022-06-30 11:01:48,m_zebala@interia.pl,Krakowska Fundacja Nasz Dom," Nad Fosą 32, 30-699 Kraków",mietomaszewska@gmail.com,tel:511-971-797; mietomaszewska@gmail.com,24/h pon-nd,-,"pomoc społeczna, działalność na rzecz integracji i reintegracji zawodowej i społecznej osób zagrożonych wykluczeniem społecznym, przeciwdziałanie uzależnieniom i patologiom społecznym",Polska,nie dotyczy,Jednostka pomocnicza (dzielnicowa) Miasta Krakowa,Poprzez subiektywne odczucie odbiorców naszych działań,nie dotyczy,ponad 90%,"Niezaradność życiowa, Uzależnienie (alkohol, narkotyki)",Nie wystarcza im na nic,"Pomoc rzeczowa, Pomoc żywnościowa, Schronienie, Praca socjalna, Doradztwo prawne, Doradztwo psychologiczne, Pomoc w załatwianiu spraw urzędowych, Wsparcie duchowe","Więcej niż 20%, ale mniej niż połowy",Trudno powiedzieć,nie dotyczy,"Nie, poziom ubóstwa wydaje się podobny w każdej grupie społecznej, Wśród rodzin wielodzietnych, Wśród osób bezdomnych",Tak,Wstydzą się korzystać z pomocy,"mieszkanie; praca; pomoc żywnościowa- placówka która to wszystko zapewni dopóki nie staną ""na nogach""",Samych osób dotkniętych ubóstwem,
2022-06-30 13:07:15,katarzyna.kudzia@mops.krakow.pl,Miejski Ośrodek Pomocy Społecznej w Krakowie ,ul. Mazowiecka 4-6  30-063 Kraków,www.mops.krakow.pl,katarzyna.kudzia@mops.krakow.pl,poniedziałek - piątek 7.30-15.30,,pomoc społeczna,Całe Miasto Kraków,nie dotyczy,Jednostka organizacyjna Miasta Krakowa,Poprzez kryterium dochodowe,"osoba samotna 776, 600 w rodzinie",Trudno powiedzieć,"Choroba, Niepełnosprawność",Odzież i obuwie,"Pomoc finansowa, Pomoc żywnościowa, Praca socjalna, Usługi opiekuńcze",Trudno powiedzieć,Trudno powiedzieć,nie dotyczy,Trudno powiedzieć,Tak,Wstydzą się korzystać z pomocy,podjęcie zatrudnienia,Samych osób dotkniętych ubóstwem,MOPS
2022-06-30 13:54:52,krakow.kb@gmail.com,Miejski Dzienny Dom Pomocy Społecznej,"os. Szkolne 20, 31- 977 Kraków",www.facebook.com/MDDPSKrakow,"12 425 64 65, sekretariat@mddps.krakow.pl","poniedziałek - piątek, godz. 8.00 - 16.00","Miejski Dzienny Dom Pomocy Społecznej w Krakowie, to placówka pobytu dziennego dedykowana osobom po 60 roku życia. W chwili obecnej  MDDPS tworzy 19 placówek: 6 Domów i 13 Klubów Samopomocy w tym specjalistyczne: dla osób głuchych, niewidomych, po przebytych udarach oraz dla Seniorów, u których zdiagnozowano chorobę Alzheimera. Placówki MDDPS przeznaczone są dla osób, które ukończyły 60 rok życia i są mieszkańcami Gminy Kraków.","pomoc społeczna, działalność na rzecz integracji i reintegracji zawodowej i społecznej osób zagrożonych wykluczeniem społecznym, działalność na rzecz osób w wieku emerytalnym",Całe Miasto Kraków,nie dotyczy,Jednostka organizacyjna Miasta Krakowa,Poprzez kryterium dochodowe,"1 217,98zł",Mniej niż 10%,"Niepełnosprawność, Osiągnięcie wieku emerytalnego",Żywność,"Pomoc żywnościowa, Praca socjalna, Doradztwo prawne, Doradztwo psychologiczne, Pomoc w załatwianiu spraw urzędowych, Usługi opiekuńcze, Wsparcie duchowe",Mniej niż 10%,Trudno powiedzieć,nie dotyczy,"Wśród osób po 60 roku życia, Wśród osób z niepełnosprawnością, Wśród osób bezdomnych",Nie,nie dotyczy,"Poza świadczeniami socjalnymi skuteczna formą przeciwdziałania ubóstwu jest m.in budownictwo socjalne, organizowanie nowych miejsc pracy, prowadzenie kursów i szkoleń edukacyjnych.",Trudno powiedzieć,"Miejski Ośrodek Pomocy Społecznej, Powiatowe Centrum Pomocy  Rodzinie, Caritas, Bank Żywności"
2022-06-30 15:22:00,grazyna.konieczna@gmail.com,Oddział Fundacji JCHS,Lubomirskiego 7/4 kod 31 509,Brak,grazyna.konieczna@gmail.com  666566341,"pon, wt, śr 18-19","preferowany kontakt telefoniczny lub sms, możliwość spotkania również w niedzielę około 18","działalność charytatywna, działalność na rzecz osób w wieku emerytalnym, pomoc uchodźcom z Ukrainy",Całe Miasto Kraków,Nie dotyczy,Organizacja pozarządowa,Wywiad osobisty i czasem środowiskowy,nie dot,Trudno powiedzieć,"Choroba, Grupa odbiorców jest bardzo zróżnicowana i przyczyny są różne. Czasem trwałe a czasem przejsciowe tak jak wojna na Ukrainie",Żywność,"Pomoc rzeczowa, Pomoc żywnościowa, Doradztwo psychologiczne, Pomoc w załatwianiu spraw urzędowych, Wsparcie duchowe","W związku z wysoką inflacją, będzie to coraz większa grupa","Duże rozwarstwienie społeczne jest widoczne w śródmieściu, gdzie jest  dużo osób z kwaterunku w mieszkaniach komunalnych.",Środmiescie,"Wśród osób po 60 roku życia, Wśród osób z niepełnosprawnością, Wśród rodzin wielodzietnych, Wśród osób bezdomnych, Wśród uchodźców",Trudno powiedzieć,Wstydzą się korzystać z pomocy,Kampania społeczna ośmielająca do szukania pomocy,"Zarówno od samych osób jak  też mobilizującego wpływu społecznego czyli rodziny, sąsiadów czy znajomych. ","Fundacja JCHS, Dom Łazarza, Lekarze Świata, Fundacja Latarnia"
2022-06-30 17:12:42,malaszek@saltrom.pl,Saltrom Salezjański Ruch Troski o Młodzież,"ul. Różana 5, 30-305 Kraków",www.saltrom.pl,122693000; 122693110; saltrom@saltrom.pl; malaszek@saltrom.pl,"rok szkolny: poniedziałek-piątek godz.10-18; okres wakacyjny: poniedziałek-piątek, godz. 9-15 ",,"działalność na rzecz dzieci i młodzieży, w tym wypoczynek dzieci i młodzieży, promocja i organizacja wolontariatu, działalność na rzecz rodziny, macierzyństwa, rodzicielstwa, upowszechniania i ochrony praw dziecka",Powiat Krakowski,nie dotyczy,Organizacja pozarządowa,"informacje wynikające z rozmowy z naszymi podopiecznymi; skierowania i informacje z innych instytucji (np. mops, gops itp., pedagodzy szkolni, kuratorzy itp.),",nie dotyczy,Co najmniej połowę,"Macierzyństwo, Niepełnosprawność",Trudno powiedzieć,"Pomoc rzeczowa, Pomoc żywnościowa, Doradztwo psychologiczne, Usługi opiekuńcze, Wsparcie duchowe",Od 10% do 20%,Trudno powiedzieć,nie dotyczy,"Wśród osób po 60 roku życia, Wśród osób z niepełnosprawnością, Wśród rodzin wielodzietnych, Wśród osób bezdomnych",Trudno powiedzieć,Wstydzą się korzystać z pomocy,"1. lepsza informacja gdzie i w jakim zakresie można uzyskać wsparcie, 2. dofinansowanie leczenia, 3. pomoc w znalezieniu pracy, 4. możliwość dofinansowania rozwoju i dodatkowej opieki dzieci ",Samych osób dotkniętych ubóstwem,
2022-06-30 17:58:01,danuta.fudala@poczta.onet.pl,Towarzystwo Przyjaciół Dzieci Koło Pomocy Dzieciom i Młodzieży o Niepełnej Sprawności Ruchowej Pomocna Dłon ,31-868 Kraków Oś 2 Pułku Lotniczego 16/100,Brak,"Danuta Fudała 511046338 , Danuta Cwierz 781300954",2 Piątek każdego miesiąca.,Brak,"działalność charytatywna, działalność na rzecz osób niepełnosprawnych",Całe Miasto Kraków,Nie dotyczy,Organizacja pozarządowa,Nie stosujemy żadnych kryteriów,Nie Dotyczy ,Co najmniej połowę,"Choroba, Niepełnosprawność",Żywność,"Pomoc rzeczowa, Pomoc żywnościowa",Trudno powiedzieć,Trudno powiedzieć,Nie dotyczy,Wśród osób z niepełnosprawnością,Nie,Trudno powiedzieć,"Pomoc żywnościowa, oraz rzeczowa.",Administracji rządowej,"Bank Żywności , Opieka Społeczna."
2022-07-01 09:59:59,aleksandra.badura@mops.krakow.pl,Miejski Ośrodek Pomocy Społecznej w Krakowie Filia nr 2,"ul. Radzikowskiego 39, 31-315 Kraków",https://mops.krakow.pl/,f2@mops.krakow.pl,pn-pt 8-15,Powyższe godziny do kontaktu są z dziennikiem podawczym. Pracownicy socjalni mają dyżury ustalone indywidualnie.,"pomoc społeczna, pomoc ofiarom katastrof, klęsk żywiołowych, konfliktów zbrojnych i wojen w kraju i za granicą, działalność na rzecz rodziny, macierzyństwa, rodzicielstwa, upowszechniania i ochrony praw dziecka",Całe Miasto Kraków,"F2 to Azory, Prądnik Biały i Czerwony",Jednostka administracji rządowej,Poprzez kryterium dochodowe,"os. samotna: 776 zł, os. w rodzinie: 600 zł",Co najmniej połowę,"Niepełnosprawność, Osiągnięcie wieku emerytalnego","Użytkowanie mieszkania (czynsz, media, podatki)","Pomoc finansowa, Pomoc rzeczowa, Pomoc żywnościowa, Praca socjalna, Pomoc w załatwianiu spraw urzędowych, Usługi opiekuńcze",Od 10% do 20%,Trudno powiedzieć,Nie dotyczy,"Wśród osób po 60 roku życia, Wśród osób z niepełnosprawnością, Wśród osób bezdomnych",Nie,nie dotyczy,"poradnictwo psychologiczne, doradztwo zawodowe",Rodziny,"Dzieło Pomocy św. Ojca Pio, PKPS, PCK, Szlachetna Paczka"
2022-07-01 11:13:47,biuro@stowarzyszeniealberta.pl,Stowarzyszenie Przyjaciół Św. Brata Alberta,31 012 Kraków ul. Reformacka 3,biuro@stowarzyszeniealberta.pl,124219205,"poniedziałek ,wtorek od 9-10 -tej",,pomoc społeczna,Dzielnica/dzielnice miasta Krakowa,Wszystkie dzielnice m. Krakowa,Organizacja pozarządowa,Nie stosujemy żadnych kryteriów,nie dotyczy,Od 10% do 20%,Osiągnięcie wieku emerytalnego,"Użytkowanie mieszkania (czynsz, media, podatki)",Pomoc żywnościowa,Trudno powiedzieć,Trudno powiedzieć,nie wiemy,Trudno powiedzieć,Trudno powiedzieć,Trudno powiedzieć,trudno powiedzieć,Trudno powiedzieć,
2022-07-06 15:00:50,a.zmudzinska@siemacha.org.pl,Stowarzyszenie SIEMACHA,"SIEMACHA Spot Mogilska 58, ul. Mogilska 58, 31-546 Kraków 31-",www.siemacha.org.pl,"mogilska@siemachaspot.pl, 12 638 02 63","Poniedziałek - Piątek, w czasie roku szkolnego placówka jest otwarta w godzinach 13:00-20:00, w dniach wolnych od nauki szkolnej placówka jest czynna w godzinach 10:00-17:00"," SIEMACHA Spot Mogilska to placówka zapewniająca swoim wychowankom wszechstronny rozwój, zarówno edukacyjny jak też rozwój pasji i zainteresowań. Swoje działania skupia na budowaniu społeczności młodzieżowej opartej na koleżeńskich relacjach rówieśniczych. Zapewniamy również wsparcie psychologiczne, pedagogicze oraz logopedyczne.","działalność wspomagająca rozwój wspólnot i społeczności lokalnych, nauka, szkolnictwo wyższe, edukacja, oświata i wychowanie, działalność na rzecz dzieci i młodzieży, w tym wypoczynek dzieci i młodzieży",Całe Miasto Kraków,Gmina Kraków,Organizacja pozarządowa,Poprzez subiektywne odczucie odbiorców naszych działań,nie,Od 10% do 20%,"Niezaradność życiowa, Rozbite rodziny, w których jeden rodzic zabezpiecza finansowo rodzinę,, bezrobocie","Użytkowanie mieszkania (czynsz, media, podatki)","Pomoc rzeczowa, Pomoc żywnościowa, Doradztwo psychologiczne, wsparcie w organizacji czasu wolnego dzieci, wsparcie edukacyjne, zajęcia, warsztaty weekendowe wakacyjne i feryjne, wyjazdy wakacyjne, feryjne i weekendowe",Od 10% do 20%,Trudno powiedzieć,nie dotyczy,"Wśród osób po 60 roku życia, Wśród osób z niepełnosprawnością, Wśród rodzin wielodzietnych, Wśród osób bezdomnych",Trudno powiedzieć,nie dotyczy,"Dobrze płatna praca, wynagrodzenie adekwatne do pracy, ",Samych osób dotkniętych ubóstwem,
2022-07-06 18:38:08,martamyrek@gmail.com,Stowarzyszenie na Rzecz Integracji,ul. Bujaka 15,ul. Bujaka 15 brak,663336660,od poniedziałku do piątku w godz. 13.30 - 18.30,,"wspieranie rodziny i systemu pieczy zastępczej, działalność na rzecz dzieci i młodzieży, w tym wypoczynek dzieci i młodzieży, turystyka i krajoznawstwo",Dzielnica/dzielnice miasta Krakowa,Dzielnica XI,Organizacja pozarządowa,Nie stosujemy żadnych kryteriów,nie dotyczy,Trudno powiedzieć,"Niezaradność życiowa, Uzależnienie (alkohol, narkotyki)",Kultura i rekreacja,Usługi opiekuńcze,Od 10% do 20%,Trudno powiedzieć,nie dotyczy,"Nie, poziom ubóstwa wydaje się podobny w każdej grupie społecznej",Trudno powiedzieć,Wstydzą się korzystać z pomocy,Pokierowanie ich do odpowiednich instytucji.,Samych osób dotkniętych ubóstwem,"Opieka Społeczna, Bank Żywności"
2022-07-06 20:38:17,wtztpdwandy18@gmail.com,Warsztat Terapii Zajęciowej przy Oddziale Miejskim Krakowskim Towarzystwa Przyjaciół Dzieci,os. Wandy 18 Kraków 31 - 906,wtzkrakow.pl,12 685 57 90 / 500 644 462,poniedziałek - piątek w godzinach 7.30 - 15.30,,działalność na rzecz osób niepełnosprawnych,Całe Miasto Kraków,Nie dotyczy,Organizacja pozarządowa,Poprzez subiektywne odczucie odbiorców naszych działań,Nie dotyczy,Mniej niż 10%,"Niepełnosprawność, Niezaradność życiowa",Zdrowie,"Pomoc rzeczowa, Doradztwo psychologiczne, Pomoc w załatwianiu spraw urzędowych","Więcej niż 20%, ale mniej niż połowy",Trudno powiedzieć,Nie dotyczy,"Wśród osób z niepełnosprawnością, Wśród osób bezdomnych",Nie,Nie dotyczy,Spersonalizowana pomoc jednostek samorządowych i krajowych,Administracji rządowej,MOPS Kraków
2022-07-07 09:15:55,wtz.basztowa@ognisko.org,"Warsztat Terapii Zajęciowej prowadzony przez Chrześcijańskie Stowarzyszenie Osób Niepełnosprawnych, ich Rodzin i Przyjaciół ""Ognisko""","ul. Basztowa 3, 31-134 Kraków",https://wtzbasztowa3.pl/,124233236,pn-pt 8.00-16.00,,"działalność na rzecz integracji i reintegracji zawodowej i społecznej osób zagrożonych wykluczeniem społecznym, działalność na rzecz osób niepełnosprawnych, promocja zatrudnienia i aktywizacji zawodowej osób pozostających bez pracy i zagrożonych zwolnieniem z pracy",Całe Miasto Kraków,nie dotyczy,Jednostka prowadzona przez organizację pozaqrządową,Poprzez subiektywne odczucie odbiorców naszych działań,nie dotyczy,Mniej niż 10%,"Niepełnosprawność, Niezaradność życiowa",Trudno powiedzieć,"Doradztwo psychologiczne, Doradztwo zawodowe, Usługi opiekuńcze",Trudno powiedzieć,Trudno powiedzieć,brak wiedzy w tym obszarze,brak wiedzy w tym obszarze,Trudno powiedzieć,Trudno powiedzieć,"aktywność zawodowa, adekwatne wsparcie",Administracji rządowej,"MOPS, PCK, Zupa na Plantach,"
2022-07-07 09:59:18,oodp.krakowiakow@caritas.pl,SPECJALISTYCZNY OSRODEK WSPARCIA DLA OFIAR PRZEMOCY W RODZINIE,OS.KRAKOWIAKÓW 46 KRAKÓW,sowkrakowiakow.pl,"12 425 81 70, 606 618 014 oodp.krakowiakow@caritas.pl",CODZIENNIE 24 H,,"działalność na rzecz równych praw kobiet i mężczyzn, pomoc osobom doświadczającym przemocy w rodzinie",świat,nie dotyczy,Organizacja pozarządowa,Poprzez kryterium dochodowe,776zł,Co najmniej połowę,Niezaradność życiowa,"Użytkowanie mieszkania (czynsz, media, podatki)","Pomoc rzeczowa, Pomoc żywnościowa, Schronienie, Praca socjalna, Doradztwo prawne, Doradztwo psychologiczne, Doradztwo zawodowe, Pomoc w załatwianiu spraw urzędowych, Opieka zdrowotna",Trudno powiedzieć,Trudno powiedzieć,nie wiem,Trudno powiedzieć,Tak,Trudno powiedzieć,nie wiem,Samych osób dotkniętych ubóstwem,Mops
2022-07-07 11:27:23,bernarda.bednarczyk@gmail.com,"TKOPD PWD "" Gratka""",ul A. Lubomirskiego 21 31-509 Kraków,brak,bielany48@gmail.com,od poniedziałku do piątku 15 :00-19:00,,wspieranie rodziny i systemu pieczy zastępczej,Dzielnica/dzielnice miasta Krakowa,VII - Zwierzyniec,stowarzyszenie,Nie stosujemy żadnych kryteriów,Nie dotyczy,Mniej niż 10%,Choroba,Zdrowie,Pomoc rzeczowa,Od 10% do 20%,Trudno powiedzieć,Nie dotyczy,"Wśród rodzin wielodzietnych, Wśród osób bezdomnych",Trudno powiedzieć,Nie dotyczy,"Możliwość zatrudnienia, chęć do pracy jeżeli jest to możliwe",Samorządów terytorialnych,
2022-07-07 11:31:39,ilonasamuela@gmail.com,Fundacja Człowiekowi Człowiek,"ul. Majówny 62, 30-298 Kraków",www.czlowiekowi.pl,730002019,poniedziałek-piątek,7:00-15:00,"pomoc społeczna, wspieranie rodziny i systemu pieczy zastępczej, działalność charytatywna",Polska,nie dotyczy,Organizacja pozarządowa,mamy swój system kryterium,nie dotyczy,Co najmniej połowę,"Choroba, Niezaradność życiowa",Żywność,"Pomoc rzeczowa, Pomoc żywnościowa, Praca socjalna, Doradztwo prawne, Pomoc w załatwianiu spraw urzędowych, Wsparcie duchowe",Co najmniej połowy,Trudno powiedzieć,nie dotyczy,"Wśród osób z niepełnosprawnością, Wśród rodzin wielodzietnych, Wśród osób bezdomnych",Tak,Wstydzą się korzystać z pomocy,empatia ze strony udzielających pomocy,Samorządów terytorialnych,znam bardzo dużo
2022-07-07 21:21:11,dluga@siemachaspot.pl,Stowarzyszenie SIEMACHA,"Ul. Długa 42, Kraków 31- 146 ",https://www.siemacha.org.pl/pl/,662224106,"od poniedziałku do piątku, od 13:00 do 20:00 ",,"wspieranie rodziny i systemu pieczy zastępczej, udzielanie nieodpłatnej pomocy prawnej oraz zwiększania świadomości prawnej społeczeństwa;, działalność na rzecz dzieci i młodzieży, w tym wypoczynek dzieci i młodzieży",Całe Miasto Kraków,nie dotyczy,Jednostka organizacyjna Miasta Krakowa,Poprzez subiektywne odczucie odbiorców naszych działań,nie dotyczy,Co najmniej połowę,Trudno powiedzieć,Wyposażenie mieszkania i prowadzenie gospodarstwa domowego,"Pomoc żywnościowa, Doradztwo psychologiczne","Więcej niż 20%, ale mniej niż połowy",Trudno powiedzieć,nie dotyczy,"Wśród osób z wykształceniem podstawowym, Wśród rodzin wielodzietnych",Nie,nie dotyczy ,"Osoba, która będzie w stanie nakierować ich jak wykorzystać swoje wykształcenie i jak pogodzić pracę z wychowywaniem dzieci. ",Trudno powiedzieć,
2022-07-08 10:16:14,byc@dpskluzeka.pl,"Stowarzyszenie ,,Być,,","ul. Kluzeka 6 , 31-222 Kraków ",brak ,"124152592 , byc@dpskluzeka .pl",od poniedziałku do piatku w godzinach od 8.00 014.00-,nie dotyczy,"działalność charytatywna, działalność na rzecz osób niepełnosprawnych",Powiat Krakowski,Dzielnica Śródmieście ,Organizacja pozarządowa,Poprzez subiektywne odczucie odbiorców naszych działań,NIE stosujemy kryterium dochodowego ,Co najmniej połowę,"Niepełnosprawność, Niezaradność życiowa",Zdrowie,"Pomoc rzeczowa, Pomoc żywnościowa",Trudno powiedzieć,Trudno powiedzieć,na terenie miasta i gminy Kraków ,"Wśród osób z niepełnosprawnością, Wśród osób bezdomnych",Nie,Wstydzą się korzystać z pomocy,więcej informacji w jaki sposób uzyskać pomoc i pokonanie wstydu  ,Samorządów terytorialnych,
2022-07-08 14:40:29,bz.krakow@bankizywnosci.pl,Bank Żywności w Krakowie ,"ul. Klimeckiego 14, Pawilon D, 30 - 705 Kraków",www.krakow.bankizywnosci.pl,+ 48 694 436 435. bz.krakow@bankizywnosci.pl,pon-pt 8.00-16.00,nie prowadzimy usług dla odbiorców indywidualnych ,"pomoc społeczna, działalność charytatywna, pomoc ofiarom katastrof, klęsk żywiołowych, konfliktów zbrojnych i wojen w kraju i za granicą",Małopolska,nie dotyczy ,Organizacja pozarządowa,Poprzez subiektywne odczucie odbiorców naszych działań,nie dotyczy ,Co najmniej połowę,Trudno powiedzieć,Żywność,Pomoc żywnościowa,Od 10% do 20%,Tak,"Podgórze, Nową Huta","Nie, poziom ubóstwa wydaje się podobny w każdej grupie społecznej",Tak,Nie spełniają kryteriów dochodowych uzyskania pomocy,Program pomocy Miasta Kraków ,Administracji rządowej,
2022-07-08 14:59:25,sds.aleksandry@ognisko.org.pl,Środowiskowy Dom Samopomocy,"ul. Aleksandry 1, 30-837 Kraków",ognisko.org.pl,"12 658 54 94, sds.aleksandry@ognisko.org.pl","poniedziałek - piątek, 7:30 - 15:30",brak,"działalność na rzecz integracji i reintegracji zawodowej i społecznej osób zagrożonych wykluczeniem społecznym, działalność na rzecz osób niepełnosprawnych",Dzielnica/dzielnice miasta Krakowa,"Bieżanów, Prokocim",Organizacja pozarządowa,Trudno powiedzieć,nie dotyczy,Nie ma takich osób wśród odbiorców naszych działań,Niepełnosprawność,Zdrowie,"Doradztwo psychologiczne, Pomoc w załatwianiu spraw urzędowych, Usługi opiekuńcze",Trudno powiedzieć,Trudno powiedzieć,nie dotyczy,Trudno powiedzieć,Nie,nie dotyczy,trudno powiedzieć,Samorządów terytorialnych,"Fundacja Ojca Pio, PCK"
2022-07-08 21:02:28,dommacierz@gmail.com,Zgromadzenie Sióstr Albertynek,ul. Krakowska 47 31-066 Kraków,brak,510-111-129,poniedziałek do piątku w godzinach 8 do 14,"telewoniczne ,SMS",działalność na rzecz organizacji pozarządowych oraz innych podmiotów prowadzących działalność pożytku publicznego,Powiat Krakowski,nie dotyczy,Organizacja pozarządowa,Poprzez kryterium dochodowe,nie wystawiamy skierowań /tylko osobom bezdomnym,Mniej niż 10%,Niepełnosprawność,Żywność,"Pomoc żywnościowa, Wsparcie duchowe",Co najmniej połowy,Tak,nie dotyczy,"Wśród osób po 60 roku życia, Wśród osób z niepełnosprawnością",Tak,Wstydzą się korzystać z pomocy,pomoc w  załatwianiu spraw w opiece społecznej,Trudno powiedzieć,
2022-07-09 17:08:04,dommacierz@gmail.com,Zgromadzenie Sióstr Albertynek Posługujących Ubogim,"ul. Krakowska 47, 31-066 Kraków",brak,510111129,"pn-pt, 8.00-12.00",,działalność charytatywna,Powiat Krakowski,Nie dotyczy,Organizacja pozarządowa,Trudno powiedzieć,Nie dotyczy,Trudno powiedzieć,"Niepełnosprawność, Niezaradność życiowa",Żywność,"Pomoc żywnościowa, Wsparcie duchowe","Więcej niż 20%, ale mniej niż połowy",Trudno powiedzieć,Nie dotyczy,"Wśród osób po 60 roku życia, Wśród osób z niepełnosprawnością, Wśród osób bezdomnych",Tak,Wstydzą się korzystać z pomocy,"wsparcie w formie np. bonów na konkretne artykuły (żywność, leki, środki czystościowe, dopłaty do mediów itp.)",Samych osób dotkniętych ubóstwem,Dzieło Pomocy Ojca Pio
2022-07-10 18:07:46,m.szemberg@siemacha.org.pl,SIEMACHA,"30-644 Kraków, ul. Kamieńskiego 11",www.siemacha.org.pl,603153616,Poniedziałek - piątek 13- 20 ( w lipcu i sierpniu  9-17) ,,"działalność na rzecz dzieci i młodzieży, w tym wypoczynek dzieci i młodzieży, przeciwdziałanie uzależnieniom i patologiom społecznym",Całe Miasto Kraków,Nie dotyczy,Organizacja pozarządowa,Poprzez subiektywne odczucie odbiorców naszych działań,Nie dotyczy,Mniej niż 10%,"Niezaradność życiowa, Trudno powiedzieć",Odzież i obuwie,"Pomoc rzeczowa, Pomoc żywnościowa, Doradztwo psychologiczne, Usługi opiekuńcze",Trudno powiedzieć,Tak,Nie dotyczy,"Wśród osób po 60 roku życia, Wśród osób z niepełnosprawnością, Wśród rodzin wielodzietnych, Wśród osób bezdomnych",Tak,"Nie wiedzą, gdzie można uzyskać pomoc",Wsparcie merytoryczne w zakresie prawa i finansów. ,Samych osób dotkniętych ubóstwem,
2022-07-10 20:31:02,stowarzyszenieemaus@wp.pl,Warsztat Terapii Zajęciowej Stowarzyszenia EMAUS,"ul. Rondo Mogilskie 1, 31-516",www.emaus18.pl,stowarzyszenieemaus@wp.pl,7-15,,"działalność na rzecz integracji i reintegracji zawodowej i społecznej osób zagrożonych wykluczeniem społecznym, działalność na rzecz osób niepełnosprawnych",Całe Miasto Kraków,nie dotyczy,Organizacja pozarządowa,Poprzez subiektywne odczucie odbiorców naszych działań,nie dotyczy,Od 10% do 20%,"Niepełnosprawność, Niezaradność życiowa",Żywność,"Praca socjalna, Doradztwo psychologiczne, Doradztwo zawodowe, Pomoc w załatwianiu spraw urzędowych",Od 10% do 20%,Nie,nie dotyczy,"Wśród osób po 60 roku życia, Wśród osób z niepełnosprawnością, Wśród osób z wykształceniem podstawowym, Wśród rodzin wielodzietnych, Wśród osób bezdomnych, Wśród uchodźców",Tak,"Nie wiedzą, gdzie można uzyskać pomoc",praca i motywacja do niej,Samych osób dotkniętych ubóstwem,
2022-07-11 13:21:00,krakow.biuro@pck.malopolska.pl,Małopolski Oddział Okręgowy Polskiego Czerwonego Krzyża,"ul. Studencka 19, 31-116 Kraków",www.pck.malopolska.pl,"12 422 91 15, krakow@pck.org.pl","pon-pt, 8-16",,"pomoc społeczna, działalność charytatywna, pomoc ofiarom katastrof, klęsk żywiołowych, konfliktów zbrojnych i wojen w kraju i za granicą",Małopolska,nie dotyczy,Organizacja pozarządowa,Indywidualna ocena każdego przypadku,nie dotyczy,"Więcej niż 20%, ale mniej niż połowę","Niepełnosprawność, Osiągnięcie wieku emerytalnego",Podstawowe potrzeby ,"Pomoc finansowa, Pomoc rzeczowa, Pomoc żywnościowa, Usługi opiekuńcze",Od 10% do 20%,Nasza działalność obejmuje pomocą osoby z całego terenu małopolski,nie dotyczy,"Wśród osób po 60 roku życia, Wśród osób z niepełnosprawnością, Wśród osób bezdomnych",Tak,Wstydzą się korzystać z pomocy,"Prawo do stosownego dochodu minimalnego i ochrony socjalnej, zapewnienie dostępu do wysokiej jakości usług (opieka społeczna, opieka zdrowotna, edukacja, mieszkanie, energia, woda, itp.), zapewnienie dobrych miejsc pracy oraz eliminację zjawiska niedostatku żywności i braku bezpieczeństwa żywnościowego.",Samorządów terytorialnych,
2022-07-11 15:56:38,kasiarys@interia.pl,Specjalny Ośrodek Szkolno-Wychowawczy nr1 w Krakowie,ul.Barska45  30-307Kraków,http://www.soswnr1krakow.pl/,698-780-666,"Pomagamy naszym wychowanką i ich rodziną  w godzinach funkcjonowania Internatu przy ul.Szwedzka42, oraz młodzieży w naszej szkole.",,"działalność na rzecz osób niepełnosprawnych, nauka, szkolnictwo wyższe, edukacja, oświata i wychowanie, działalność na rzecz dzieci i młodzieży, w tym wypoczynek dzieci i młodzieży",Małopolska,nie dotyczy,Jednostka organizacyjna Miasta Krakowa,Trudno powiedzieć,nie dotyczy,Trudno powiedzieć,"Niepełnosprawność, Niezaradność życiowa",Trudno powiedzieć,"Pomoc żywnościowa, Usługi opiekuńcze",Trudno powiedzieć,Trudno powiedzieć,nie dotyczy,Wśród osób z niepełnosprawnością,Tak,Nie spełniają kryteriów dochodowych uzyskania pomocy,trudno powiedzieć,Samych osób dotkniętych ubóstwem,
2022-07-12 13:09:13,j.krzyzaniak@dpsnowaczynskiego.pl,DOM POMOCY SPOŁECZNEJ IM. ŚW.BRATA ALBERTA,"30-336 KRAKÓW, UL. NOWACZYŃSKIEGO 1",dps@dpsnowaczynskiego.pl,w miejscu,całodobowo,,pomoc społeczna,Całe Miasto Kraków,nie dotyczy,Jednostka organizacyjna Miasta Krakowa,Nie stosujemy żadnych kryteriów,nie dotyczy,Trudno powiedzieć,"Niepełnosprawność, Niezaradność życiowa",Zdrowie,"Pomoc finansowa, Pomoc rzeczowa, Pomoc żywnościowa, Schronienie, Praca socjalna, Doradztwo prawne, Doradztwo psychologiczne, Pomoc w załatwianiu spraw urzędowych, Opieka zdrowotna, Usługi opiekuńcze, Wsparcie duchowe",Trudno powiedzieć,Trudno powiedzieć,nie dotyczy,"Wśród osób po 60 roku życia, Wśród osób z niepełnosprawnością, Wśród osób bezdomnych",Nie,nie dotyczy,nie wiem,Samorządów terytorialnych,"dps, mops, Caritas, Bank żywności, pck"
2022-07-12 14:45:38,m.hornowska@siemacha.org.pl,SIEMACHA Spot Facimiech,"ul.Długa, 42 Kraków, 31-146",www.siemacha.org.pl,882011175,poniedziałek-piątek g.10-18,specjalistyczna placówka wspardzia dziennego,wspieranie rodziny i systemu pieczy zastępczej,Całe Miasto Kraków,Kozłówek,Jednostka organizacyjna Miasta Krakowa,Nie stosujemy żadnych kryteriów,brak,brak,brak,niskie dochody,"Pomoc rzeczowa, Pomoc żywnościowa, Doradztwo psychologiczne, Doradztwo zawodowe",Od 10% do 20%,Trudno powiedzieć,nie dotyczy,Trudno powiedzieć,Nie,Trudno powiedzieć,poznanie oferty Krakowa,Trudno powiedzieć,
2022-07-14 23:35:39,dom_gwan@wp.pl,Stowarzyszenie Monar Ośrodek Leczenia Terapii i Rehabilitacji Osób Uzaleznionych z Nawrotami Choroby w Krakowie,ul. Nadbrzezie 25 31-983 Kraków,www.gwan.nazwa.pl,12 681 00 66 dom_gwan@wp.pl,całodobowo,,"ochrona i promocja zdrowia, przeciwdziałanie uzależnieniom i patologiom społecznym",Polska,nie dotyczy,Organizacja pozarządowa,weryfikujemy sytuację materialno- bytową poprzez dochód i zobowiązania ,nie dotyczy,Co najmniej połowę,"Niepełnosprawność, Uzależnienie (alkohol, narkotyki)",Zdrowie,"Pomoc rzeczowa, Pomoc żywnościowa, Doradztwo psychologiczne, Doradztwo zawodowe, Pomoc w załatwianiu spraw urzędowych","Więcej niż 20%, ale mniej niż połowy",Trudno powiedzieć,nie dotyczy,"Wśród osób z niepełnosprawnością, Wśród osób z wykształceniem podstawowym, Wśród rodzin wielodzietnych, Wśród osób bezdomnych",Tak,Nie spełniają kryteriów dochodowych uzyskania pomocy,nie wiem,Administracji rządowej,Bank Żywności
2022-07-21 13:21:39,janusz.wrobel321@gmail.com,"Stowarzyszenie Dobroczynne ""Betlejem""","ul. Odrzańska 10/41, 30-408 Kraków",www.dom-lazarza.pl,123571616,od 8 do 18,,"pomoc społeczna, działalność charytatywna",Całe Miasto Kraków,nie dotyczy,Organizacja pozarządowa,Poprzez subiektywne odczucie odbiorców naszych działań,nie dotyczy,"Więcej niż 20%, ale mniej niż połowę","Osiągnięcie wieku emerytalnego, Uzależnienie (alkohol, narkotyki)",Żywność,"Pomoc rzeczowa, Pomoc żywnościowa, Schronienie, Pomoc w załatwianiu spraw urzędowych, Wsparcie duchowe","Więcej niż 20%, ale mniej niż połowy",Trudno powiedzieć,nie dotyczy,"Wśród osób po 60 roku życia, Wśród rodzin wielodzietnych",Tak,Wstydzą się korzystać z pomocy,nie wiem,Rodziny,